ID,DartingDate,KayCode,CodeNumberOnSamples,TUCB,A4UCB,T,P,C,E,A,LH,STRESSCA,NIPS,IGF,IGF06,TESTES,Notes,BODY,SHOULDER,WT,PM3,MOTOBABE,RANK,TENURE,AGEMO,SEX,MO,YR,REPCON,REPCAT,SOCCAT
mu,11/27/90,15,,,,0.39,,0,,,0.45,2,,,185,435.2,,84,71,41.4,17.7,,10,,23,M,11,1990,ok,,JNM
1019,11/28/90,16,,1.580000043,1.269999981,1.09,,13.25,,,0.48,2,,,63,891.5352,,98.5,82,60.6,15.7,,,4,,M,11,1990,ok,,LTI
bsh,12/26/90,27,,0.119999997,2.25,0.09,2.193,1.93,0,,0.42,2,13.9,278,128,,,100,,54,15.95,3,1,,97.2,F,12,1990,lact,1,RAF
bud,12/1/90,18,,,,0.175,,6.4,,,0,2,,,218,532.95,,88,77.5,36.8,19.915,,1,,17,M,12,1990,bado,,JNM
chy,12/25/90,26,,,,0,,1.27,,,1.46,2,,370.26,202,509.8555,,76,,26.4,18.1,,5,,14.5,M,12,1990,bado,,JNM
coch,12/25/90,25,,,,0.11,36.249,12.44,0,,0.53,2,14.5,,143,,,97,,56.4,15.4,-3,5,,72,F,12,1990,preg,1,RAF
mrb,12/22/90,24,,2.480000019,2.140000105,3.26,,19.06,,,0.41,3,,,66,838.35,,89.5,,63.4,13,,,3.17,,M,12,1990,ok,,LTI
q,12/5/90,19,,,,0.01,,9.22,,,0.33,2,,,129,572.76,,90,77,42.8,20.067,,1,,26,M,12,1990,ok,,ANM
quai,12/28/90,28,,,,1.18,,1.02,,,0.62,2,,,77,784.86,,101,,47.8,16.8,,,2.33,,M,12,1990,ok,,LTI
rv,12/7/90,20,,,,0.03,0,5.97,0,,,2,2.3,,199,,,61,,13.2,,,10,,6.5,F,12,1990,bado,0,RJF
sx,12/28/90,29,,,,0.05,0,0,0,,2.26,2,4.5,410.59,168,,,83,,29.8,17.975,,5,,14.5,F,12,1990,bado,0,RJF
sy,12/19/90,21,,,,1.433,,1.08,,,0.31,2,,182.07,,746.76,,97.5,,52.4,14.95,,,1.33,,M,12,1990,ok,,LTI
ap,1/21/91,33,,,,0,,0,,,0.73,2,,,132,651.585,,93,76,47.6,16.85,,5,,32,M,1,1991,ok,,ANM
bf,9/13/91,65,,,,0.04,1.118,0,0,,0.36,2,15.1,639.71,241,,,102,79,69.6,17.35,9,12,,101,F,9,1991,lact,1,RAF
dps,1/19/91,31,,,,0,1.055,5.38,0,,0.37,2,15.35,,40,,,95,78,62.8,13.7,8,15,,88,F,1,1991,lact,1,RAF
ot,1/23/91,34,,,,0.1,2.429,0,0,,0.55,2,15.9,,119,,,95,72.5,54.4,14.4,10,7,,78,F,1,1991,lact,1,RAF
rg,1/20/91,32,,,,0,0,0,,,0.63,2,,,118,383.465,,85,67.5,29.4,19.15,,2,,17,M,1,1991,bado,,JNM
23s,2/25/91,38,,,,0,0.733,2.17,0,,0.33,2,16.1,,120,,,89.6,78,66,12.7,3,13,,94,F,2,1991,lact,1,RAF
gyp,2/18/91,37,,,,0.2,,0,,,2.1,2,,298.09,231,430.65,,91.5,78,45,19.61,,14,,25,M,2,1991,ok,,ANM
kb,2/28/91,39,,,,0.23,3.788,0,0,,0.51,2,16,,98,,,95,73.5,55.4,12.55,2,2,,160,F,2,1991,lact,1,RAF
mu,2/8/91,15,,,,1.47,,0,,,0.33,2,,,113,455,,111.5,68.5,38.2,17.175,,10,,27,M,2,1991,ok,,ANM
ua,2/24/91,36,,,,0.01,1.892,0,0,,2.01,2,15.8,319.24,108,,,99.5,76,57,18.75,-10,8,,49,F,2,1991,bado,0,RAF
mk,3/12/91,41,,,,0.19,0.33,3.45,,,0.42,2,,,159,274.2625,,71.5,65.5,24.8,,,11,,11,M,3,1991,bado,,JNM
mw,3/4/91,40,,,,0.01,0.856,0,0,,0.21,2,13.8,,115,,,96.5,78.5,54.4,16.21,6,6,,47,F,3,1991,lact,1,RAF
q,3/5/91,19,,,,0.28,,1.27,,,0.49,2,,,93,385,,115,77,49.4,19.45,,1,,29,M,3,1991,ok,,ANM
bg,7/10/91,50,,,,0.07,1.192,9.95,,,0.29,2,,,476,153.75,,68,59.5,17.8,,,4,,9,M,7,1991,bado,,JNM
en,7/6/91,47,,,,0.05,,0,,,0.25,2,,265.42,,940.68,,99,84,54.6,14.55,,,4.08,,M,7,1991,ok,,LTI
fn,7/11/91,52,,0.330000013,0.769999981,0.1,0.553,11.71,,,0.33,2,,266.85,,691.42,,99,82,53.8,17.65,,,0.67,,M,7,1991,ok,,LTI
fp,7/12/91,54,,,,0,0,0.45,0,,0.3,2,2,,246,,,63.8,51,13.8,,,3,,7,F,7,1991,bado,0,RJF
hk,7/12/91,53,,,,0.03,0.125,0,0,,4,2,2,428.2,196,,,56,50,10.6,,,13,,8,F,7,1991,bado,1,RJF
int,7/7/91,48,,,,0.4,,1.42,,,0.31,2,,,146,898.478,,100.5,79,54.4,18.075,,,0.58,,M,7,1991,ok,,LTI
kk,7/28/91,57,,,,0,0.502,4.39,,,0.25,2,,,234,210.8,,59.5,52.5,12.8,,,12,,7.25,M,7,1991,bado,,JNM
lg,7/13/91,55,,,,0.03,2.601,1.18,16.3,,1.2,2,15.6,,181,,,104,79,61.2,15.1,1,17,,111,F,7,1991,lact,1,RAF
md,7/5/91,45,,,,0,0,0,,,0.29,2,,,217,409.5,,69,60.5,18.6,,,6,,10,M,7,1991,bado,,JNM
hex,6/16/05,727,,,,,,,,,1.36,,,0,0,,,,,,,,,,,F,6,2005,,,
oak,12/23/04,740,,,,,,,,,0.98,,,0,0,,,,,,,,,,,M,12,2004,,,
F741,6/13/05,741,,,,,,,,,0.85,,,0,0,,,,,,,,,,,F,6,2005,,,
M752,9/17/04,752,,,,,,,,,0.38,,,0,0,,,,,,,,,,,M,9,2004,,,
M764,12/3/04,764,,,,,,,,,0.35,,,0,0,,,,,,,,,,,M,12,2004,,,
BigB,5/26/05,858,,,,,,,,,1.63,,,0,0,,,,,,,,,,,F,5,2005,,,
dumd,6/26/05,372,,,,,,,,,0.25,,,0,0,,,,,,,,,,,M,6,2005,,,
mrph,12/25/03,197,,,,,,,,,0.01,,,0,0,,,,,,,,,,,F,12,2003,,,
F721,6/11/05,721,,,,,,,,,0.8,,,0,0,,,,,,,,,,,F,6,2005,,,
gw,12/22/90,23,,,,0,2.54,13.21,0,,0.46,2,15.35,,95,,,90,,59.4,14.325,7,10,,158,F,12,1990,lact,1,RAF
dave,8/3/90,11,,,,0.11,,11.96,,,0.37,2,,,53,883.575,,93,70,51.2,12.24,,16,,46,M,8,1990,ok,,ANM
sher,8/7/90,12,,,,0.38,,0,,,1.03,3,,,139,756.3375,,97.5,71,,13.9,,2,,37,M,8,1990,ok,,ANM
bb,10/11/90,10,,,,0,0,9.19,0,,,2,4.45,,338,,,94,70,42,20.6,,1,,15,F,10,1990,bado,0,RJF
hol,10/10/90,9,,,,0,,6.94,,,,2,,,,662.865,,105,74,,17.1,,,2.08,,M,10,1990,ok,,LTI
quo,10/11/90,13,,,,0,,1.41,,,,2,,,,611.78,,86,70,49,16.63,,,1.08,,M,10,1990,ok,,LTI
vd,10/20/90,14,,,,1.09,,16.56,,,,2,,,,594.54,,103,80,44,16.925,,,1.42,,M,10,1990,ok,,LTI
kbk,11/30/90,17,,,,0.01,,2.39,,,0.36,2,,,127,569.193,,96,78,43.8,17.77,,2,,27,M,11,1990,ok,,JNM
pp,7/11/91,51,,,,0.009,,3.24,,,0.45,2,,,62,591.6,,77,70.8,27.6,16.3,,15,,13,M,7,1991,bado,,JNM
sb,7/9/91,49,,,,0.1,,6.1,,,0.38,2,,,158,386.9,,66,60,12,,,10,,14,M,7,1991,bado,,JNM
sd,7/28/91,56,,,,0.02,0,1.48,0,,4.08,2,2,,369,,,64.5,55.5,16.4,,,13,,8,F,7,1991,bado,0,RJF
sher,7/1/91,12,,,,0,,0,,,0.38,2,,,102,669.6,,99,75.5,,16.4,,2,,48,M,7,1991,ok,,ANM
tq,7/5/91,46,,,,0.01,0.129,0,0,,3.29,2,4.8,,478,,,69,57,18.6,,,8,,9,F,7,1991,bado,0,RJF
bo,8/31/91,62,,,,0.22,,0.22,,,0.57,2,,,256,802.816,,93,72.5,51.8,18.75,,12,,34,M,8,1991,ok,,ANM
rcn,8/5/91,59,,0.430000007,0.670000017,0.43,0.127,1.66,,,0.5,2,,,116,655.344,,103,78.5,50.6,18.025,,,0.67,,M,8,1991,ok,,LTI
scy,8/5/91,58,,,,0,0,1.91,0,,0.27,2,2,597.71,360,,,62,54,14.2,,,12,,8,F,8,1991,bado,0,RJF
sf,8/6/91,60,,,,0.06,,22.98,,,0.35,3,,,296,610.5375,,83,75.7,44,17.575,,12,,29,M,8,1991,ok,,ANM
ee,9/3/91,63,,4.079999924,1.649999976,4.01,,1.53,,,0.52,2,,203.63,,731.825,,101,81,55,10.35,,,1.33,,M,9,1991,ok,,LTI
es,8/22/91,61,,,,0,3.45,0,0,,1.16,2,16.1,,129,,,103,77.5,59,16.205,1,16,,88,F,8,1991,lact,1,RAF
kk,9/14/91,57,,,,0.01,0.179,4.65,,,0.26,2,,,427,210.8,,70.3,59,,,,12,,9.1,M,9,1991,bado,,JNM
9b,9/4/91,64,,1.350000024,0.779999971,1.23,,0,,1.039999962,0.45,2,,,315,631.12,,92,77.5,50.4,16.85,,,1.25,,M,9,1991,ok,,LTI
pb,9/16/91,66,,1.899999976,0.930000007,1.81,,5.26,,,0.33,2,,,161,734.45,,100,78.5,52.8,17,,1,0.75,47,M,9,1991,ok,,LTI
sd,9/10/91,56,,,,0.02,0.216,2.784,0,,3.03,2,2,,605,,,72,60.5,,,,13,,10,F,9,1991,bado,0,RJF
02,10/26/91,68,,,,0.18,4.43,15.5,6.75,,0.65,3,16.5,,76,,,90,76.5,54.8,11.4,5,14,,180,F,10,1991,lact,1,RAF
hp,10/28/91,69,,,,0.02,,0,,,1.11,2,,,424,151.5,,66.5,54,17,,,5,,7,M,10,1991,bado,,JNM
chy,11/29/91,26,,,,0.06,,0,,,0.27,1,,,,583.53,,91,73.7,38.2,19.175,,5,,26,M,11,1991,ok,,ANM
dj,1/19/91,30,,,,0.03,1.48,0,0,,0.27,2,14.9,270.05,131,,,106,75,56.6,17.05,4,3,,63,F,1,1991,lact,1,RAF
fa,11/4/91,70,,,,0.29,0,0,,,0.42,2,,,196,848.715,,96,72.5,,19.125,,,0.17,,M,11,1991,ok,,STI
pt,11/13/91,71,,,,0.04,0.295,1.28,0,,0.75,2,4.1,,358,,,66,58.7,20.4,,,5,,7.5,F,11,1991,bado,0,RJF
tp,11/16/91,72,,,,0,0,0,0,,0.37,2,2,,333,,,62,51,14.6,,,14,,5.5,F,11,1991,bado,0,RJF
who,11/27/91,74,,,,0.11,0.11,0,0,,0.46,2,5.05,,248,,,59,48,11.8,,,1,,5,F,11,1991,bado,0,RJF
hob,6/14/92,76,,,,0.09,0.238,6.98,0,,0.22,2,2.6,,277,,,72.5,58,19.8,,,16,,9,F,6,1992,bado,0,RJF
pale,4/2/92,75,,,,0.15,0.498,0,0,4.675000191,2.9,1,14.35,,,,,97.6,,58.8,11,,,,,F,4,1992,?,1,TAF
ftsa,5/1/92,78,,,,0,0.108,5.56,0,,2.96,2,5.2,,,,,97.4,74,43,18.8,,,,26,F,5,1992,bado,0,RJF
gol,5/26/92,89,,,,0,0.18,2.05,0,,2.48,2,2,,275,,,74,62.5,20.8,,,16,,10,F,5,1992,bado,0,RJF
mop,5/24/92,85,,,,0,,1.36,,,0.16,2,,,313,152.25,,67.5,53,16.4,,,4,,6,M,5,1992,bado,,JNM
pky,5/26/92,88,,,,0.06,,3.13,,,0.35,2,,,272,150,,78,65,23.6,,,17,,11,M,5,1992,bado,,JNM
zip,4/11/92,79,,,,4.76,0.178,8.69,,,0.48,2,,,107,656,,99,79.3,47.7,14.9,,,3.42,,M,5,1992,ok,,LTI
gan,6/7/92,90,,,,0,0,0,0,1.521999955,0.55,2,4,248.43,136,,,98.5,80.5,56.2,17.6,,16,,44,F,6,1992,bado,0,RAF
bail,12/8/92,97,,,,0,0,0,0,,0.47,2,2.65,,474,,,84,56,27.8,,,8,,11,F,8,1992,bado,0,RJF
jab,12/8/92,96,,,,0,0,0,0,,,2,3.71,,278,,,81.5,54.5,33.8,,,,,10,F,128,1992,bado,0,RJF
ghos,9/21/92,93,,,,0,0,0,,,0.38,2,,,,286.9725,,84,70,28.8,,,,,10,M,9,1992,bado,,JNM
hn,9/21/92,92,,,,0.3,,4.92,,,0.48,2,,,,693.719,,103,79.6,55.4,16.15,,,,,M,9,1992,ok,,LTI
krk,12/9/92,98,,,,0,0,0,,,,2,,,240,262.2,,77,62,24.7,,,3,,11,M,129,1992,bado,,JNM
bz,10/19/92,94,,,,0,4.378,0,18.28,8.065999985,0.41,2,23,,,,,91,77,45.8,13.275,,,,,F,10,1992,lact,1,RAF
hol,10/25/92,9,95,5.5,2.069999933,5.33,,0,,,0.55,2,,,,709.5066,,106,76,48,16.8,,,4,,M,10,1992,ok,,LTI
agp,12/30/92,99,,,,0,,2.67,,,1.46,2,,,262,686.5012,,75,66,30,17.25,,7,,14,M,12,1992,bado,,JNM
ap,5/16/93,33,,2.819999933,1.610000014,2.56,,5.22,,,0.49,2,,209.58,100,1453.485,,92.3,79.5,55.4,16.3,,6,2,60,M,5,1993,ok,,LTI
bag,7/15/93,86,,,,0,0,0,,0.270999998,0.24,2,,,289,366,,76.5,64,28.4,18,,12,,15,M,7,1993,bado,,JNM
baj,7/14/93,84,,,,0,0.876,8.5,,0.252999991,0.15,2,,,286,336,,57,52,14.4,,,3,,7,M,7,1993,bado,,JNM
bern,7/19/93,83,,,,0,0.944,6.55,0,,2.63,2,2.6,,310,,,63,56,28.4,,,15,,10,F,7,1993,bado,0,RJF
ger,7/12/93,82,,,,0,0,0,0,,0.42,2,3.95,329.27,337,,,77.5,57.5,19.4,,,6,,8,F,7,1993,bado,0,RJF
gil,7/18/93,87,,,,0.15,0.299,7.01,0,6.294000149,0.52,2,4.5,,355,,,84,71,32.6,,,1,,12,F,7,1993,bado,0,RJF
hg,7/8/93,991,,,,0,0.236,2.86,0,1.401000023,0.59,2,4,,660,,,75,60,23,,,5,,10,F,7,1993,bado,0,RJF
nav,7/21/93,100,,,,0,0.586,9.93,0,0.939999998,0.28,2,3.8,,246,,,69,,17.7,,,6,,9,F,7,1993,bado,0,RJF
sun,7/9/93,80,,,,0,0,0,,,1.33,2,,,361,826.56,,77.5,66,29.8,18.13,,10,,13,M,7,1993,bado,,JNM
bal,8/9/93,104,,,,0.36,0,1.09,,,,2,,,402,336,,58,55.5,14,,,3,,7,M,8,1993,bado,,JNM
jj,8/12/93,106,,,,0,0,0,0,2.846999884,0.41,2,2.8,,467,,,79.5,63,28.2,,,5,,11,F,8,1993,bado,0,RJF
lt,8/7/93,103,,,,0,1.385,1.31,0,,2.67,2,,,,,,94,78.8,63.4,15.15,,,,,F,8,1993,lact,1,TAF
okam,8/4/93,101,,,,0.21,0.188,9.38,,0.307999998,0.28,2,,,,1557.33,,101,78,53.6,16.25,,,,,M,8,1993,ok,,LTI
oksa,8/5/93,102,,,,0,0,0,,0.514999986,2.24,2,,,,456.12,,84,70,38.7,18.35,,,,,M,8,1993,bado,,JNM
tz,8/11/93,105,,,,0,0,1.27,,,0.32,2,,,51,1195.2,,95.5,79.3,45.2,16.35,,,0.17,,M,8,1993,ok,,STI
bb,12/8/93,10,,,,0.525,37.92,14.85,41.2,6.139999866,0.37,3,,253.01,118,,,111.3,78,,18.9,-2,3,,54,F,12,1993,preg,1,RAF
coch,12/15/93,25,,0.159999996,2.650000095,0.41,75.08,2.77,87.32,1.786000013,0.31,2,15.65,912.16,204,,,96,76,,16.44,-1,6,,108,F,12,1993,preg,1,RAF
pt,12/14/93,71,,,,0,1.641,12.39,0,,0.42,2,7.2,,266,,,,75.5,,19.05,-4.5,6,,33,F,12,1993,bado,0,RAF
will,4/26/94,107,,,,1.34,0.118,5.53,,1.123000026,0.31,2,,,174,1263.135,,92,79,60.2,15.8,,,0.13,,M,4,1994,ok,,STI
bsh,5/2/94,27,,1.379999995,11.42000008,0.942,86.08,1.94,51.03,25.02000046,0.38,2,10,217.75,130,,,101,78.5,56.4,14.25,-2,1,,138,F,5,1994,preg,1,RAF
cr,5/24/94,108,,,,0,0,2.28,0,0.660000026,1.05,2,3.8,,285,,,73.5,60,24.2,,,11,,9,F,5,1994,bado,0,RJF
sun,5/29/94,80,,,,0.321,,0,,0.245000005,0.45,2,,,164,1171.32,,97,70.5,43.2,16.8,,16,,24,M,5,1994,ok,,ANM
tit,5/24/94,109,,,,0,0.157,2.28,,0.541000009,1.24,2,,,231,170.13,,71.5,58.8,20.4,,,11,,9,M,5,1994,bado,,JNM
ud,5/25/94,110,,,,0,,1.73,0,0.319000006,0.32,2,,,305,209.595,,65.5,55.5,15.6,,,16,,8,M,5,1994,bado,,JNM
ach,6/16/94,116,,,,0,0,2.42,,,0.173,2,,,,971.46,,101,80,53.4,17.1,,,,,M,6,1994,ok,,
adr,6/17/94,117,,,,0,0.777,12.14,0,0.811999977,,2,13.2,,,,,104,78.5,48,14.6,,,,,F,6,1994,?,1,TAF
alg,6/12/94,114,,,,0.1,0.553,24.23,,,0.32,2,,,,1325.4,,97,83,57.5,18.7,,,,,M,6,1994,ok,,
bilb,6/15/94,115,,,,0,0.104,1.2,0,,3.36,2,3,,418,,,73,60.5,21,,,20,,9,F,6,1994,bado,0,RJF
gp,6/11/94,113,,0.150000006,1.610000014,0,2.575,1.28,0,,0.136,2,14.2,,,,,100.8,78.3,54.8,11.7,,,,,F,6,1994,lact,1,RAF
lg,6/28/94,55,,,3.049999952,0.256,48.1,8.06,21.19,2.437999964,0.45,2,13.15,133.15,86,,,107,84.4,,14.265,-3,23,,147,F,6,1994,preg,1,RAF
mike,6/10/94,112,,,,2.68,0.189,2.42,,1.095999956,0.47,2,,,132,1707.475,,90.4,75.5,44.4,16.1,,,0.33,,M,6,1994,ok,,STI
par,6/23/94,119,,,,0,1.299,16.65,0,,0.44,2,2.6,,277,,,82,63,26.2,,,14,,11.4,F,6,1994,bado,0,RJF
rock,6/18/94,118,,,,2.674,0,1.98,,,0.343,2,,164.44,,1292.39,,93.3,77,44.2,14.2,,,0.003,,M,6,1994,ok,,STI
rv,6/19/94,20,,,,0,0.842,0,0,,0.626,2,5.9,365.59,186,,,94,74.5,47.6,17.5,,15,,50,F,6,1994,bado,0,RAF
ua,6/26/94,36,,,,0.125,1.436,2.62,22.56,1.391000032,0.144,2,14.4,321.86,118,,,103.5,80.3,53.6,16.4,13,12,,89,F,6,1994,lact,1,RAF
dj,7/7/94,30,,2.690000057,9.920000076,0.957,180.5,31.5,652.2,26.14599991,0.186,2,14.6,708.23,400,,,100.8,78.5,59,15.4,-0.5,7,,105,F,7,1994,preg,1,RAF
hob,7/5/94,76,,,,0,0.188,5.5,0,,0.39,2,6.2,300.49,154,,,99,78,,19.5,,21,,36,F,7,1994,bado,0,RAF
jb,7/4/94,121,,,,0,0,0,0,1.021000028,0.37,2,1.6,,271,,,91,71.6,35.6,19.975,,1,,12,F,7,1994,bado,0,RJF
mark,7/11/94,123,,,,0,0,1.06,,,0.24,2,,,,1859.92,,97.7,79.5,55.1,20.8,,,0.33,,M,7,1994,ok,,STI
my,7/3/94,120,,,,0,0,3.43,0,,0.105,2,5.8,,117,,,96.8,75.5,48.6,17.65,,,,,F,7,1994,?,1,RAF
rm,8/27/94,124,,,,0,0.59,14.958,0,,2.76,2,,,356,,,87.4,72.6,36.4,20.95,,12,,14,F,8,1994,bado,0,RJF
who,8/23/94,74,,,,0,0.5,0.5,8.38,,0.121,2,12.7,590.65,394,,,96.8,75.3,62.3,16.7,8,3,,38,F,8,1994,lact,1,RAF
coch,9/5/94,25,,,,0,1.1,9.385,17.4,,0.12,2,13.1,393.14,236,,,100,76.1,71.4,13.35,8,8,,117,F,9,1994,lact,1,RAF
irq,9/25/94,128,,,,0,,1.253,,,0.34,2,,,353,625,,78.4,61.5,22.96,,,8,,8.25,M,9,1994,bado,0,JNM
mig,9/20/94,126,,0.079999998,0.270000011,0,,0,,,1.53,2,,,235,1079,,88.5,71,41.6,16.7,,,0.05,,M,9,1994,ok,,STI
scby,9/23/94,127,,,,0,0,1.181,0,,0.38,2,,,193,,,75.3,59.8,20.23,,,17,,8,F,9,1994,bado,0,RJF
scy,9/7/94,58,,,,0.42,44.56,2.804,44.47,,0.41,2,,251.29,92,,,,,,,-3,15,,45,F,9,1994,preg,1,RAF
stny,9/4/94,125,,0.49000001,0.5,0.34,,2.148,,,0.13,2,,,176,1100,,92.3,75.6,47.7,16.78,,,0.08,,M,9,1994,ok,,STI
cyr,12/14/94,129,,0.090000004,0.330000013,0,,1.482,,,0.138,2,,,144,859.4,,93,78,47.7,19,,,0.003,,M,12,1994,ok,,STI
kal,12/17/94,130,,,,0,0.35,5.391,0,,1.84,2,2.8,,209,,,83.3,73,37.7,20.7,,12,,17,F,12,1994,bado,0,RJF
kip,12/18/94,131,,,,0,0,0,0,,0.26,2,2.5,,273,,,85.2,65.4,32.7,,,3,,12.4,F,12,1994,bado,0,RJF
sher,12/15/94,12,,,,1.47,,0,,,0.485,2,,111,58,1654,,101.5,75.3,53.2,14.7,,,,88.5,M,12,1994,ok,,LTI
bail,1/12/95,97,,,,0,1.18,8.387,4.4,,0.368,2,9,382.93,230,,,100,83.8,54.5,19,-4.5,13,,36.8,F,1,1995,?,1,RAF
luc,1/23/95,135,,,,0,0.8,2.536,5.21,,0.133,2,10,,126,,,101.2,80,56.4,19.55,,,,,F,1,1995,lact,1,
pt,1/2/95,71,,,,0,1.07,5.446,0,,0.11,2,11.2,380.29,190,,,87.2,82.3,60.5,18.05,8,9,,51,F,1,1995,lact,1,RAF
sri,1/6/95,134,,,,,,,,,,2,,,,,,,,,,,,,,M,1,1995,,,
wald,1/31/95,136,,,,0.14,,0,,,0.293,2,,,117,1124,,83.4,78.4,52,16.15,,,0.17,,M,1,1995,ok,,STI
wm,2/9/95,137,,,,0.11,0,0,0,,0.18,2,2,,397,,,72.8,61,21.1,,,5,,7.2,F,2,1995,bado,0,RJF
wr,2/12/95,139,,,,0,0,0,0,,0.38,2,2,352.61,213,,,59,52.4,23.1,,,4,,11.4,F,2,1995,bado,0,RJF
zulu,2/10/95,138,,,,0,,0,,,0.17,2,,,163,255,,72.2,57.2,16.4,,,9,,9.25,M,2,1995,bado,0,JNM
WARF,3/27/95,142,,,,0,,4.78,,,,2,,,0,120,,45,34.1,3.643,,,15,,4.4,M,3,1995,bado,0,JNM
dj,3/24/95,30,,,,0,1.01,0,0,,0.223,2,14.5,254.78,112,,,98.4,80.3,58.4,15.85,8,7,,113.5,F,3,1995,lact,1,RAF
23s,3/25/95,38,,,,0.71,14.28,46.573,0,,0.78,3,13,,106,,,98,80.1,55.46,10.8,1,16,,143,F,3,1995,lact,1,RAF
jab,3/3/95,96,,,,0,0.89,0.949,0,,0.202,2,12.3,322.89,139,,,108.4,81.4,64.5,17.9,8,5,,37.5,F,3,1995,lact,1,RAF
jj,3/7/95,106,,,,0,0.38,7.569,0,,0.099,2,4.4,,209,,,94.7,74.2,51.6,19.2,-18,7,,30,F,3,1995,bado,0,RAF
mh,3/6/95,140,,,,0,0.88,5.464,0,,0.23,2,2.8,,160,,,63.4,53.6,13.7,,,4,,8.6,F,3,1995,bado,0,RJF
dd,4/13/95,146,,,,0,,0,,,0.22,2,,,183,169,,59.4,54,13.2,,,7,,8.8,M,4,1995,bado,0,JNM
ger,4/26/95,82,,,,0,0,1.799,0,,0.088,2,4.8,,174,,,,,50.4,,-17,8,,30,F,4,1995,bado,0,RAF
mp,4/10/95,145,,,,0,0,2.26,0,,0.26,2,,,275,,,,,,,,,,8.7,F,4,1995,bado,0,RJF
sir,4/21/95,147,,,,0,,0,,,0.69,2,,,275,,,,,,,,,,9.5,M,4,1995,bado,0,JNM
sx,4/5/95,29,,,,0,0.63,0,9.87,,0.013,2,10.8,,127,,,93.5,78.6,52.95,18.75,8,10,,65.5,F,4,1995,lact,1,RAF
jop,6/21/95,149,,,,0.81,,2.022,,,0.278,2,,,,1225,,,,,,,,0.05,,M,6,1995,ok,,STI
rp,6/8/95,148,,,,0,0,3.81,0.06,,0,2,3.8,,,,,55.5,76.6,53,17.7,,,,,F,6,1995,?,1,LTI
zoe,6/23/95,151,,,,0,0,1.867,3.11,,0.137,2,,,,,,96,,54.6,17.7,,,,,F,6,1995,?,1,
lfl,7/20/95,154,,,,0,0,0,0,,0.72,2,3.8,,,,,97.5,76.5,49.1,19.3,,,,,F,7,1995,bado,1,RAF
ll2,7/2/95,153,,,,0,,1.221,,,0.39,2,,,,1134.6,,90,74.5,,,,,,,M,7,1995,ok,,RJF
swp,7/23/95,155,,,,0,0,0,0,,0.5,2,5,,,,,89,76,54,17.5,,,,,F,7,1995,?,1,
kiki,8/11/95,157,,,,0.11,1.23,1.386,8.9,,0.176,2,42.4,,,,,97,82,68.4,18.2,,,,,F,8,1995,lact,1,
piz,8/3/95,156,,,,1.39,,0,,,0.72,2,,,,1800,,95.5,74.2,56.1,14.05,,,,,M,8,1995,ok,,RJF
amar,10/25/95,160,,,,0,0,0,2.53,,0.26,2,3.7,,386,,,70,62,22.7,,,12,,9.1,F,10,1995,bado,0,RJF
kon,11/2/95,161,,,,0,,5.182,,,0.3,2,,,236,380,,67.3,54.1,15.9,,,12,,9.4,M,11,1995,bado,,JNM
jns,1/30/96,165,,,,2.222,,12.846,,,0.39,2,,,173,1450.6,,92,73.5,64,14.85,,,,,M,1,1996,ok,,LTI
lop,2/26/96,162,,,,0,0.52,5.446,0,,0.44,2,2.1,,344,,,79.5,64,33.6,,,4,,12.5,F,2,1996,bado,0,RJF
alo,3/15/96,166,,0.579999983,0.469999999,0.625,,0,,,1.71,2,,,125,843.2,,90,75,40,17.4,,,0.21,,M,3,1996,ok,,STI
ua,3/1/96,36,,,,0.114,0.79,0,0,,0.5,2,17,334.67,114,,,95,81.5,58.6,15.4,13,11,,108,F,3,1996,lact,1,RAF
jone,6/8/96,169,,,,0,1.39,12.425,0,,5.75,2,2.9,,463,,,75.9,60.6,25.9,,,6,,10.4,F,6,1996,bado,0,RJF
pf,6/21/96,173,,,,0,,0,,,0.25,2,,535.1,499,624.4,,85,68.3,31.4,,,12,,13,M,6,1996,bado,,JNM
rinc,6/8/96,170,,,,0,,9.232,,,0.34,2,,,357,259.4,,74,66,24.6,,,6,,10.4,M,6,1996,bado,,JNM
vsv,6/7/96,168,,0.600000024,0.469999999,0.534,,1.028,,,1.26,2,,,,1099,,96,81.3,68.2,14.3,,,,,M,6,1996,ok,,LTI
deb,7/24/96,171,,,,0,0,0,0,,0.44,2,3.2,,549,,,68.5,56.5,20,,,7,,8.6,F,7,1996,bado,0,RJF
pos,7/8/96,172,,,,0.476,,6.091,,,0.17,2,,,143,1386,,86,76,49.8,14.75,,,0.52,,M,7,1996,ok,,LTI
sim,7/28/96,179,,1.840000033,1.360000014,0.2,,0,,,0.59,2,,,329,1329,,97.5,78,47.5,18.5,,,0.083,,M,7,1996,ok,,STI
zing,7/27/96,177,,,,0,,1.814,,,0.3,2,,,638,300,,72,58,21.1,,,7,,8.7,M,7,1996,bado,,JNM
arse,8/9/96,174,,1.840000033,,0,0,2.621,12.71,,0.43,2,5,759.68,541,,,91.5,73.6,43.86,19,,1,,16.6,F,8,1996,bado,0,RJF
dman,8/1/96,180,,2.619999886,1.340000033,2.528,,0,,,0.42,1,,,,2204,,103,82,57.16,11.15,,,,,M,8,1996,ok,,LTI
fly,9/19/96,184,,,,0,1.506,17.511,0,,0.38,2,27.8,,,,,89,79,61.36,14.2,,,,,F,9,1996,lact,1,LTI
yel,12/31/96,193,,,,0.396,2.036,8.913,5.862,,0.42,2,13.9,,213,,,93,79.4,58.9,15.2,,,,,F,12,1996,lact,1,
bos,1/22/97,183,,0.550000012,0.400000006,0.17,,0.194,,,0.23,2,,,201,1275.945,,89.5,77.5,42.3,18.15,,,0.42,,M,1,1997,ok,,STI
fa,1/16/97,70,,,,1.7,,0.611,,,0.44,2,,210.08,,1872.65,,92.3,75.5,58.2,16.15,,,5.42,,M,1,1997,ok,,LTI
darw,6/11/97,208,,,,0,,0.526,,,0.32,2,,,243,985.6,,79,62.5,29.6,,,3,,11.25,M,6,1997,bado,0,JNM
gonz,6/9/97,206,,,,0,,5.446,,,0.25,2,,,183,650.7,,76.5,66,22.5,,,19,,9.1,M,6,1997,bado,0,JNM
kang,6/9/97,205,,,,0,,1.948,,,0.27,2,,,121,596.24,,66,56.5,14.3,,,21,,8,M,6,1997,bado,0,JNM
linc,6/30/97,211,,,,0.054,,0.351,,,0.66,2,,,56,296.4,,61.5,53.9,12.5,,,11,,8.25,M,6,1997,bado,0,JNM
maz,6/28/97,198,,,,0,0.13,0.487,8.566,,0.34,2,3.1,,168,,,70,58,17.3,,,10,,8.5,F,6,1997,bado,0,RJF
mrph,6/7/97,197,,,,0.013,0.095,0.162,0.391,,1.17,2,2.25,,298,,,84,65.3,32.5,,-15,1,,11.5,F,6,1997,bado,0,RJF
nod,6/11/97,207,,,,0,,10.534,,,0.28,2,,,117,681.2,,67,56.5,15.5,,,15,,7.8,M,6,1997,bado,0,JNM
oly,6/12/97,202,,,,0,,0.306,,,1.35,2,,,136,1147.56,,88.5,72.5,37,19.6,,4,,20,M,6,1997,ok,,JNM
pims,6/8/97,204,,,,0,,0.672,,,0.25,2,,,168,407.25,,66.7,57.2,15.7,,,15,,7.8,M,6,1997,bado,0,JNM
psy,6/8/97,203,,,,0,0.064,0.696,2.288,,0.33,2,3.5,,397,,,72.3,61,23,,,16,,7.8,F,6,1997,bado,0,RJF
rs,6/4/97,175,,,,3.49,,0.044,,,0.48,2,,,149,1595.79,,95,79,52,15.7,,,1.5,,M,6,1997,ok,,LTI
wash,6/30/97,212,,,,0,,2.848,,,0.35,2,,,38,368.97,,59.5,49.5,10.9,,,11,,8.25,M,6,1997,bado,0,JNM
bm,7/27/97,221,,,,0,0.521,0.206,7.819,,0.37,2,13.6,272.15,167,,,95.6,76,49,13.38,11,18,,96.3,F,7,1997,lact,1,RAF
bp,7/15/97,178,,,,0.55,,0.023,,,0.19,2,,,140,1466.5,,98.2,78.7,49.5,16.3,,,1.083,,M,7,1997,ok,,LTI
gob,7/17/97,167,,,,0.218,,0.206,,,0.21,2,,,179,1398.4,,90.3,76.7,44.1,15.9,,,1.17,,M,7,1997,ok,,LTI
mali,7/4/97,213,,,,0,0.07,0.419,0,,0.42,2,4,,383,,,74,66.5,28.9,,,8,,8.75,F,7,1997,bado,0,RJF
msha,7/29/97,222,,,,0,0.138,0.317,0,,0.7,2,3.7,,337,,,78,65.5,25,,,18,,11,F,7,1997,bado,0,RJF
sein,7/16/97,181,,,,0,0.05,0.11,8.3,,0.38,2,6.6,,420,,,100.2,78.3,55,19.5,-5,1,,28,F,7,1997,bado,0,RAF
stg,7/2/97,164,,0.109999999,0.439999998,0,,0.228,,,0.19,2,,,,1333.31,,96.7,77,48.9,17.4,,,2.42,,M,7,1997,ok,,LTI
sks,7/31/97,223,,,,0,,12.457,,,0.51,3,,,279,996.16,,83,72.5,40,17.7,,14,,21.5,M,7,1997,bado,,JNM
tdum,7/7/97,218,,,,0,,4.176,,,0.48,2,,,67,493.74,,89,72.3,32.5,19.35,,7,,15.5,M,7,1997,bado,0,JNM
wth,7/9/97,219,,,,0,0.437,0.349,0,,0.98,2,10.7,,,,,102,79,53.41,12.3,,,,,F,7,1997,lact,1,
chas,11/3/97,194,,0.720000029,0.75,0.534,,0.1,,,,2,,,153,2074,,100,79.8,55.9,16.55,,,2,,M,11,1997,ok,,LTI
chic,11/6/97,189,,2.039999962,2.150000095,2.458,,2.2,,,,2,,,177,2198.62,,94,75.2,48.4,12.35,,,0.92,,M,11,1997,ok,,LTI
dna,11/7/97,216,,,,0.09,,0.3,,,0.31,2,,,324,795.15,,76.8,64,28.2,,,4,,11,M,11,1997,bado,,JNM
gol,3/19/98,89,,,,0.082,0.8,0.8,10.2,,,2,13.2,189.03,124,,,100.8,80.5,58,16.65,4,20,,80,F,3,1998,lact,,RAF
hml,3/10/98,230,,,,0,0.08,2,6.87,,1.56,2,3.2,,288,,,68.5,58.8,16.6,,,11,,10,F,3,1998,bado,1,RJF
ome,3/9/98,224,,,,0.054,,2,,,0.71,2,,,232,770,,84,68.4,29.55,,,14,,13.5,M,3,1998,bado,,JNM
puc,3/14/98,231,,,,0.05,1.4,7.1,7.88,,1.3,2,3.2,,336,,,65.7,56.3,16.4,,,11,,10,F,3,1998,bado,1,RJF
pib,7/17/98,236,,,,0,,0.4,,,0.16,2,,,,1051.4,,95,79,45,18.55,,,,,M,7,1998,ok,,JNM
sie,10/29/98,245,,,,0,0,0.6,0,,0.2,2,2.5,,161,,,77.8,62.8,27.2,,,4,,11.5,F,10,1998,bado,,RJF
yeti,10/20/98,243,,,,0,,19.4,,,1.55,3,,,294,921,,84.2,69.2,37,18.65,,5,,15.5,M,10,1998,bado,,JNM
hem,11/30/98,247,,,,0,0.3,0.4,0,,0.14,2,2.3,748.4,413,,,,66,35,,,4,,14,F,11,1998,bado,,RJF
opal,12/9/98,233,,,,0,,10.9,,,0.03,2,,,223,497.3,,77,69,26,,,20,,13,M,12,1998,bado,,JNM
csn,1/29/99,249,,,,0,0.4,0.5,0,,0.51,2,3.7,,334,,,85,71.5,36,,,1,,10.5,F,1,1999,bado,,RJF
mp,1/28/99,145,,,,0.1,53,1,27.5,,0.34,2,10.4,227.14,120,,,98,81,55,17.4,-3,9,,54,F,1,1999,preg,,RAF
exc,2/3/99,227,,,,0,,1.5,,,0.15,2,,,113,1966,,86.5,75.5,40.5,16.75,,,1.5,,M,2,1999,ok,,LTI
mrph,2/28/99,197,,,,0,1.1,0.4,18.2,,0.47,2,28.7,,202,,,96,77,52,18.3,3,2,,32,F,2,1999,lact,,RAF
whh,2/22/99,248,,,,0,0,1.9,0,,0.14,2,2.8,,151,,,80,66,30,,,12,,11.75,F,2,1999,bado,,RJF
ldv,3/7/99,237,,,,0.2,,0.4,,,0.33,2,,280.06,270,768.74,,81,67,28.41,18.95,,8,,15.5,M,3,1999,bado,,JNM
nav,3/18/99,100,,,,0.3,133.2,1,129.1,,0.22,2,36.4,414.25,234,,,99,85,62.1,16.3,-1,13,,75,F,3,1999,preg,,RAF
oke,3/4/99,244,,,,0,0,0.3,20.5,,0.26,2,4.4,506.61,393,,,82.5,67,30.23,19.6,,8,,15.5,F,3,1999,bado,,RJF
vgs,3/5/99,225,,,,1.7,,0.4,,,0.24,2,,206.08,76,1257,,86.4,79.5,47.3,14.2,,,1.6,,M,3,1999,ok,,LTI
ali,4/26/99,253,,,,0,0,0.6,0,,0.06,2,3.1,,173,,,86,72,35,19.05,,6,,20.75,F,4,1999,bado,,RJF
amar,5/2/99,160,,,,0,1,0.5,6.2,,0.13,2,29,238.84,134,,,99,81.5,56,18.25,3,17,,51.25,F,5,1999,lact,,RAF
cuj,5/11/99,251,,,,0.07,,0.4,,,0.27,2,,,141,713.4,,88,70.3,34.9,18.95,,5,,22,M,5,1999,bado,,JNM
darw,4/27/99,208,,,,0,,0.1,,,0.14,2,,307.5,198,1446,,95,80.5,50,18.45,,4,,34,M,4,1999,ok,,ANM
fri,5/29/99,255,,,,0,0.6,1.8,19.5,,0.31,2,11.5,,,,,95,78.8,59.4,17.89,,,,,F,5,1999,lact,,
nod,5/10/99,207,,0.090000004,0.49000001,0,,0,,,0.82,2,,,91,952,,91.2,77.2,42.9,18.5,,16,,31,M,5,1999,ok,,ANM
she,5/27/99,254,,,,0,1,1.1,33,,0.23,2,34,,,,,101,77,54.7,15.65,,,,,F,5,1999,lact,,
wez,5/30/99,256,,,,0.1,,2,,,0.18,2,,,,1712.3,,104,80,52.9,13.9,,,,,M,5,1999,ok,,
brn,6/28/99,260,,,,0.07,,0.27,,,0.74,2,,,493,477.3,,68.5,56.5,15.68,,,15,,7.3,M,6,1999,bado,,JNM
rub,6/29/99,261,,,,0,,0.41,,,0.44,2,,,155,691,,80.2,70.7,31.7,19.3,,19,,19.8,M,6,1999,bado,,JNM
sch,6/24/99,259,,,,0,,0.32,,,0.91,2,,,227,351.9,,59,53.6,12.2,,,15,,7.2,M,6,1999,bado,,JNM
cpa,7/4/99,262,,,,0,,1.05,,,0.41,2,,371.28,319,524.2,,64,54,14.8,,,13,,7.6,M,7,1999,bado,,JNM
gdz,7/21/99,268,,,,0.14,,11.53,,,0.97,2,,503.42,433,530,,61.9,54.8,15,,,5,,7.7,M,7,1999,bado,,JNM
jut,7/11/99,267,,,,0.04,0.1,0.41,8.8,,0.7,2,3.3,,400,,,70.7,57,20.2,,,11,,7.4,F,7,1999,bado,,RAF
tsa,7/4/99,263,,,,0,,8.99,,,0.56,2,,,273,352.5,,64,56.2,16.4,,,18,,6.9,M,7,1999,bado,,JNM
zig,7/5/99,264,,,,0.92,,18.41,,,,2,,232.95,140,1908,,87.5,78,49.4,15.9,,,1.83,,M,7,1999,ok,,LTI
foz,8/19/99,265,,,,0,,0.78,,,1.27,2,,,234,619,,89.5,71.5,36.6,18.6,,19,,20.2,M,8,1999,bado,,JNM
her,8/11/99,258,,,,0.36,,0.39,,,0.58,2,,561.1,120,510.6,,65.5,59.5,20.2,,,1,,8.8,M,8,1999,bado,,JNM
hg,8/17/99,991,,0.25999999,3.339999914,0.22,34.5,0.65,7.26,,,2,33.1,774.31,266,,,106.5,78,55.5,15.55,-1,8,,84.2,F,8,1999,preg,,RAF
mer,8/1/99,240,,,,0.07,,9.84,,,,2,,,84,1167,,88.5,77,47.3,14.7,,,2,,M,8,1999,ok,,LTI
cam,9/21/99,275,,,,0,0.1,0.84,15.4,,0.96,2,3.6,,482,,,79.5,61.5,25.7,,,9,,10,F,9,1999,bado,,RJF
coo,9/12/99,272,,,,0,0.01,0.85,8.4,,0.55,2,2.9,,387,,,89,61,23.3,,,5,,9.25,F,9,1999,bado,,RJF
del,9/13/99,273,,,,0,,0.2,,,3.58,2,,,497,581,,70.5,62,23.6,,,10,,10,M,9,1999,bado,,JNM
lim,9/29/99,270,,,,0.17,,7.02,,,,2,,327.21,,1367,,85,77,47.5,16.8,,,0.58,,M,9,1999,ok,,LTI
bail,10/23/99,97,,0.560000002,3.680000067,0.26,88.4,12.29,115.7,,0.53,2,42,725.32,437,,,103,84.5,81.2,17.65,-2,17,,93,F,10,1999,preg,,RAF
dub,10/19/99,269,,0.330000013,0.319999993,0.24,,0.67,,,,2,,,213,888,,89,81,50.7,17.15,,,0.75,,M,10,1999,ok,,LTI
hwn,10/31/99,282,,,,0.1,51.4,8.74,125.9,,0.62,2,43.8,,254,,,104,80.5,69.6,16.45,,,,,F,10,1999,lact,,RAF
ind,10/4/99,271,,,,0,,0.38,,,1.23,2,,,510,719.4,,77.5,63.5,28,,,17,,10,M,10,1999,bado,,JNM
sco,10/25/99,278,,,,0,,0.55,,,3.51,2,,,207,773.48,,87,76,46.4,21.05,,19,,22.25,M,10,1999,bado,,JNM
sx,10/29/99,29,,,,0.1,0.5,1.66,10.9,,1.78,2,49.4,208.95,105,,,98,75,55,16.65,11,13,,120,F,10,1999,lact,,RAF
ath,11/26/99,286,,,,0,0.4,4.75,9.8,,0.63,2,4.4,,347,,,77.5,65,27,,,1,,11.75,F,11,1999,bado,,RJF
hwn,11/8/99,282,,,,0.13,55.4,10.39,111.2,,0.55,3,,,353,,,,,,,,,,,F,11,1999,lact,,RAF
zim,11/7/99,283,,,,0,0.1,0.81,18.7,,3.29,2,3.5,,432,,,82,67,32.3,,,14,,11.25,F,11,1999,bado,,RJF
jane,12/12/99,289,,,,0.02,0.7,0.69,14.4,,0.67,2,46,,,,,100,73.5,58.7,17.2,,,,,F,12,1999,lact,,
knee,12/16/99,292,,,,4.72,,4.93,,,,2,,,,1748,,95.5,80.5,52.2,15.57,,,,,M,12,1999,ok,,
unlu,12/10/99,288,,,,0.06,0.5,0.67,15.2,,0.89,3,42.7,,,,,103,81,78,15.64,,,,,F,12,1999,lact,,LTI
mali,2/9/00,213,,0.280000001,3.839999914,0.2,90.8,1.1,50.7,,0.15,2,25.9,264.85,178,,,98,80.5,58.3,19.7,-1,6,,40,F,2,2000,preg,,RAF
mrph,2/23/00,197,,1.389999986,6.099999905,0.5,56,2.7,431,,0.26,2,37.6,500.99,420,,,105,77.5,61.4,17.75,-1.5,1,,44,F,2,2000,preg,,RAF
sim,3/14/00,179,,,,1.4,,23,,,0.19,2,,,81,1281,,99,77,55.3,17.9,,,3.75,,M,3,2000,ok,,LTI
hoo,4/29/00,301,,,,0,0.1,0,5,,1.98,2,3.5,,429,,,78.5,66,24.9,,,12,,12,F,4,2000,bado,,RJF
ome,4/11/00,224,,0.280000001,0.479999989,0.3,,0.1,,,0.08,2,,162.24,127,1023,,96.5,81,50.4,19.6,,13,,38,M,4,2000,ok,,ANM
bsp,5/28/00,302,,,,0,0.4,6.8,1,,0.1,2,3.2,,175,,,74,67.5,24,,,7,,12,F,5,2000,bado,,RJF
F402,5/17/00,402,,,,0,0.1,1.7,6.9,,0.19,2,3.4,,,,,84.5,73,32.64,20.7,,,,,F,5,2000,bado,,
F403,5/21/00,403,,,,0.02,0.8,1.2,5.2,,0.39,2,31.2,,,,,98,80,,14.6,,,,,F,5,2000,lact,,
F405,5/22/00,405,,,,0,0.5,0.9,13.2,,0.14,1,56.4,,,,,103,83,60.38,15.6,,,,,F,5,2000,lact,,
F406,5/22/00,406,,,,0,0.6,8.2,7.8,,0.83,2,3.3,,,,,85,73.5,34.7,,,,,,F,5,2000,bado,,
F407,5/23/00,407,,,,0,1.1,9.1,9.6,,0.12,2,18,,,,,95.5,79,65,14.55,,,,,F,5,2000,lact,,
F408,5/23/00,408,,,,0,1.4,6.1,8.8,,0.48,2,40,,,,,91.5,79,54.5,14.05,,,,,F,5,2000,lact,,
F409,5/24/00,409,,,,0.2,697.5,2.4,289.4,,0.17,2,52.4,,,,,96,81.5,,13.25,,,,,F,5,2000,?,,
F410,5/25/00,410,,,,0.01,1.1,0.8,10.7,,0.03,1,38.2,,,,,99,81.5,,17.45,,,,,F,5,2000,lact,,
F411,5/27/00,411,,,,0,1.3,16.8,15,,0.22,3,4.2,,,,,98.5,75,,16.8,,,,,F,5,2000,bado,,
F413,5/30/00,413,,,,0.2,1.2,1.6,17.8,,0.35,2,39.3,,,,,90,81.5,,15.85,,,,,F,5,2000,lact,,
F414,5/31/00,414,,,,0,0.8,1.8,14.1,,0.21,2,42,,,,,105,80.5,,15.65,,,,,F,5,2000,lact,,
F415,5/31/00,415,,,,0,0.8,7.7,10.3,,0.27,2,36.4,,,,,101.5,84.5,,16.7,,,,,F,5,2000,lact,,
F404,5/19/00,404,,,,1.4,,16,,,0.14,1,,,,1875,,102.5,82,58.1,15.1,,,,,M,5,2000,ok,,
M412,5/30/00,412,,,,1.3,,0.6,,,0.3,2,,,,2318,,98,79.5,,17.15,,,,,M,5,2000,ok,,
chw,6/17/00,304,,,,0.02,0.1,0.3,6.3,,0.35,2,3.8,,504,,,88,71.5,35.6,19.9,,3,,15,F,6,2000,bado,,RJF
back,6/2/00,417,,,,0,1.3,2.1,13.4,,0.08,2,44.2,,200,,,91,77,,16.2,,,,,F,6,2000,lact,,
chrm,6/2/00,418,,,,0,1.6,6.8,18.8,,0.32,3,53.1,,241,,,100,79,,9.85,,,,,F,6,2000,lact,,
F423,6/6/00,423,,,,0.02,1.8,0.1,15,,0.12,2,42,,,,,93,82.5,,14.05,,,,,F,6,2000,lact,,
F426,6/8/00,426,,,,0,0.7,1.5,16,,0.13,1,44.6,,,,,81,81,,16.35,,,,,F,6,2000,lact,,
F427,6/9/00,427,,,,0,0,0.2,7.6,,0.78,2,3.9,,,,,85.5,71,,19.1,,,,,F,6,2000,bado,,
chip,6/10/00,428,,,,0.03,1.5,2.9,12.6,,0.13,1,48.9,,253,,,98,77,,16.4,,,,,F,6,2000,lact,,
MLT,6/10/00,429,,,,0.05,1.4,3.4,15.8,,0.53,1,42.1,,,,,94.5,74.5,,14.4,,,,,F,6,2000,lact,,
F435,6/11/00,435,,,,0.09,1.9,0.6,14.7,,0.34,1,48.4,,,,,94,75,,16.6,,,,,F,6,2000,lact,,
F436,6/12/00,436,,,,0,,1.9,,,0.22,,41.4,,,,,99,79.5,,17.35,,,,,F,6,2000,lact,,
F438,6/12/00,438,,,,0.02,2.1,8.8,9.9,,0.88,3,49,,,,,100.5,81,,15.45,,,,,F,6,2000,lact,,
F440,6/12/00,440,,,,0.1,4.9,1.6,20.8,,0.24,3,69.7,,,,,106,79.5,,15.7,,,,,F,6,2000,lact,,
F441,6/13/00,441,,,,0.1,3,0.9,28.9,,0.22,,45.7,,,,,100.5,78.5,,15.95,,,,,F,6,2000,lact,,
M442,6/14/00,442,,,,0.05,0.07,3.7,15.2,,0.09,2,,,,951.4,,92,76.5,,16.1,,,,,M,6,2000,ok,,
F444,6/16/00,444,,,,0,1.1,7.1,15.9,,0.55,2,28.2,,,,,98.2,86,,14.6,,,,,F,6,2000,lact,,
F445,6/16/00,445,,,,0,0.9,0.6,6.5,,0.09,3,39.3,,,,,85.5,80,,14.9,,,,,F,6,2000,lact,,
wnd,6/17/00,446,,,,0.01,0.7,2.2,8.1,,0.12,2,31.7,,249,,,99,74.5,,18.9,,,,,F,6,2000,lact,,
F448,6/17/00,448,,,,0,0.7,0.03,10.3,,0.77,,3,,,,,87,71.5,,18.9,,,,,F,6,2000,bado,,
F449,6/18/00,449,,,,0.01,,4.4,14.7,,0.2,1,45,,,,,117,85,,13.15,,,,,F,6,2000,lact,,
F452,6/21/00,452,,,,0.07,1.4,7.9,17.6,,0.22,1,43.4,,,,,95.5,76,,15.65,,,,,F,6,2000,lact,,
F453,6/21/00,453,,,,0.3,302.9,6.5,131.5,,0.1,2,34.2,,,,,97,75,,18.2,,,,,F,6,2000,?,,
F454,6/24/00,454,,,,0.05,1.7,21.4,6.3,,0.36,2,27,,,,,98.5,81,,17.55,,,,,F,6,2000,lact,,
F455,6/27/00,455,,,,0.03,0.9,10.7,9.2,,0.42,2,25.9,,,,,96.5,74.5,49.36,15.05,,,,,F,6,2000,lact,,
F456,6/27/00,456,,,,0,0,0.3,10.7,,2.72,2,17.5,,,,,86.5,71.5,40.06,16.1,,,,,F,6,2000,bado,,
F457,6/28/00,457,,,,0.1,1.2,2.9,16.9,,0.89,2,47.6,,,,,107,87.5,64.2,13.85,,,,,F,6,2000,lact,,
atar,6/30/00,461,,,,0.3,1.5,14.6,11.1,,2.33,,40.9,,246,,,94,76,56.6,15.05,,,,,F,6,2000,lact,,
F462,6/30/00,462,,,,0.1,65,1.2,31.9,,0.34,2,34.7,365.93,,,,106.5,76.5,64.4,12.21,,,,,F,6,2000,preg,,
REU,6/1/00,416,,,,0.03,,11.3,,,0.19,2,,,257,1028,,82.5,76,,18.75,,,,,M,6,2000,bado,,
M422,6/5/00,422,,,,0.2,,0.01,,,0.32,2,,,,769,,93,75,,16.55,,,,,M,6,2000,bado,,
M424,6/7/00,424,,0.709999979,1.340000033,0.9,,21.8,,,0.1,2,,,,1261,,100.5,79.5,,13.7,,,,,M,6,2000,ok,,
jug,6/7/00,425,,,,0.9,,9.1,,,0.28,2,,,247,635,,82,78.5,,19.55,,,,,M,6,2000,ok,,
M431,6/10/00,431,,,,2.8,,2.2,,,0.25,2,,,,1324.3,,86,75,,,,,,,M,6,2000,ok,,
M434,6/11/00,434,,,,0.2,,1.2,,,0.15,3,,,,1387,,105,77,,16.8,,,,,M,6,2000,ok,,
M443,6/14/00,443,,,,0.4,,5,,,0.33,,,,,1451.4,,97,76,,15.7,,,,,M,6,2000,ok,,
M447,6/17/00,447,,,,3.2,0,2.9,,,0.59,1,,,,1233,,98,72.5,,14.65,,,,,M,6,2000,ok,,
M450,6/18/00,450,,,,0,,8.4,,,0.15,2,,,,491.4,,74,65.5,,,,,,,M,6,2000,bado,,
M451,6/20/00,451,,,,2.1,,2.5,,,0.16,2,,,,1264,,94,76.5,,15.8,,,,,M,6,2000,ok,,
DIN,6/28/00,458,,,,0,,1.7,,,0.09,2,,,,1344,,100,81.5,51.6,14,,,,,M,6,2000,ok,,
M459,6/29/00,459,,,,0,,2,,,0.11,2,,,,1052,,96.5,77.5,41.4,19.05,,,,,M,6,2000,bado,,
M460,6/29/00,460,,,,0.03,,0,,,0.27,2,,,,615,,85.5,74.5,45.4,20.1,,,,,M,6,2000,bado,,
mig,6/19/00,126,,,,0,,0.06,,,0.08,2,,,74,1364,,87,72,43.9,13.85,,,5.75,,M,6,2000,ok,,LTI
sqa,6/13/00,303,,,,0,0.6,6.3,4.2,,0.06,2,3,,464,,,78.5,66,28,,,20,,13,F,6,2000,bado,,RJF
F400,7/16/00,400,,,,0.4,43.9,0.4,37.5,,1.15,2,43.52,,,,,96,78.5,61.6,29.66,,,,,F,7,2000,preg,,
F463,7/2/00,463,,,,0.1,52.4,4.2,33.1,,0.17,2,30.8,,,,,97,79,59.6,16.75,,,,,F,7,2000,preg,,
F465,7/3/00,465,,,,0,0.5,1.4,15,,5.91,2,31.2,,,,,98,77,58.6,17.6,,,,,F,7,2000,lact,,
F466,7/5/00,466,,,,0.03,1.1,0.2,6.8,,0.21,1,47,,,,,97,83,66.4,15.95,,,,,F,7,2000,lact,,
F467,7/18/00,467,,,,0.1,24.4,5.3,71.2,,0.23,1,46,,,,,98,83,79.2,15.4,,,,,F,7,2000,preg,,
F468,7/5/00,468,,,,0.006,6.6,7.9,11.7,,0.42,2,23.5,,,,,99.5,80.5,60.6,18.1,,,,,F,7,2000,?,,
F474,7/14/00,474,,,,0.05,1.1,0.04,20.8,,0.05,2,32.82,,,,,97,81,59.4,15.58,,,,,F,7,2000,lact,,
F476,7/15/00,476,,,,0.16,0.5,5.7,16.2,,0.18,,3.9,,,,,72.5,60,23,,,,,,F,7,2000,bado,,
chac,7/15/00,477,,,,0,0.4,8,11.8,,0.13,2,4.3,,456,,,85,68,33.8,19.95,,,,,F,7,2000,bado,,
F478,7/16/00,478,,,,0.11,1,2.1,12.4,,0.76,2,21.2,,,,,100,82,57,14.65,,,,,F,7,2000,?,,
F479,7/17/00,479,,,,0,7.7,11,9.4,,0.22,2,24.5,,,,,94,72,47.8,15.2,,,,,F,7,2000,lact,,
F480,7/17/00,480,,,,0.06,1.2,3.4,20.5,,0.82,3,33.7,,,,,93.5,78,60.6,17.1,,,,,F,7,2000,lact,,
F481,7/18/00,481,,,,0.32,68.7,1.5,57.4,,0.73,2,29.7,,,,,102,83,58.8,10.15,,,,,F,7,2000,preg,,
F482,7/18/00,482,,,,0.09,0.5,4.5,18.5,,0.64,,39.6,,,,,102,79.5,58,11.85,,,,,F,7,2000,?,,
F485,7/20/00,485,,,,0.3,48.9,33,91.4,,0.21,2,37.3,,,,,96.5,79,62.4,16.4,,,,,F,7,2000,preg,,
eco,7/21/00,486,,,,0.1,3.4,5,19.5,,0.2,3,39.5,,238,,,91.5,77.5,57,17,,,,,F,7,2000,lact,,
F488,7/23/00,488,,,,0.3,0.9,3.7,25.9,,0.83,2,33,,,,,99.5,78.5,59.6,15.9,,,,,F,7,2000,lact,,
F489,7/23/00,489,,,,0.09,1.3,0.8,16.2,,0.73,2,41.2,,,,,98,80.5,64.4,14.7,,,,,F,7,2000,lact,,
F490,7/25/00,490,,,,0,0.8,0.5,11.7,,1.12,,36.1,,,,,98.5,78,66.6,19,,,,,F,7,2000,lact,,
F491,7/25/00,491,,,,0.2,1.3,1.4,11.9,,3.09,,37,,,,,99.5,77.5,68,17.7,,,,,F,7,2000,lact,,
F492,7/27/00,492,,,,0.1,24.3,3,38.6,,0.14,2,39.8,,,,,97,79,61.4,14,,,,,F,7,2000,preg,,
F493,7/27/00,493,,,,0.04,0.8,0.1,9.4,,0.09,1,50,,,,,100,80,69,13.4,,,,,F,7,2000,lact,,
F496,7/29/00,496,,,,0.03,19.2,2.8,17.6,,0.31,2,25,,,,,97.5,78,61,13.1,,,,,F,7,2000,preg,,
F497,7/29/00,497,,,,0,1.4,4.1,14.8,,0.08,1,32,,,,,100,78,50.6,16.4,,,,,F,7,2000,lact,,
F498,7/30/00,498,,,,0,2.7,38.11,10.6,,0.37,3,35.4,,,,,101,78,61.8,10.55,,,,,F,7,2000,lact,,
gui,7/12/00,308,,,,0,0.1,0.04,6.5,,0.4,2,4.58,,425,,,84,66.5,38.8,17.6,,16,,17,F,7,2000,bado,,RJF
jas,7/30/00,311,,,,0,,0.5,,,0,2,,375.4,351,933,,81.5,71.5,33.4,20.9,,19,,15.5,M,7,2000,bado,,JNM
M399,7/17/00,399,,,,0,,1.7,,,0.01,,,,,576,,90,75,41.3,18.6,,,,,M,7,2000,bado,,
M464,7/2/00,464,,,,0.9,,3.4,,,0.21,2,,,,1410,,95,80.5,61.2,17.05,,,,,M,7,2000,ok,,
M469,7/6/00,469,,,,0.2,,0.1,,,0.5,2,,,,696,,75,69,29.3,17.55,,,,,M,7,2000,bado,,
M470,7/6/00,470,,,,2.3,,1.7,,,0.35,2,,,,565.4,,100,80.5,48.4,14.95,,,,,M,7,2000,ok,,
M471,7/7/00,471,,,,0.04,,0.1,,,0.19,,,,,761,,85,74.5,38.2,19.6,,,,,M,7,2000,bado,,
slm,7/7/00,472,,,,0.05,,49.4,,,0.39,2,,,280,568.52,,83,71,32.8,19.15,,,,,M,7,2000,bado,,
M473,7/13/00,473,,,,0.04,,0.02,,,0.2,,,,,821,,95,73,42.6,17,,,,,M,7,2000,bado,,
M475,7/14/00,475,,,,0,,11.6,,,0.05,,,,,570,,76,65.5,26.2,,,,,,M,7,2000,bado,,
M483,7/19/00,483,,,,0.7,,0.8,,,0.16,2,,,,1336.2,,96,77.5,51.8,12.8,,,,,M,7,2000,ok,,
HFT,7/19/00,484,,,,0,,0.1,,,0.22,,,,,996,,82,73,39,19.5,,,,,M,7,2000,bado,,
M495,7/27/00,495,,,,0.03,,0.1,,,0.5,2,,,,763,,89,69.5,41.8,18.5,,,,,M,7,2000,bado,,
M499,7/31/00,499,,0.189999998,0.460000008,0.02,,37.9,,,0.22,3,,,,818,,99,79.5,59.6,13.35,,,,,M,7,2000,ok,,
mojo,7/28/00,310,,,,0,,10.2,,,0.06,2,,396.65,359,634,,73,59,19.5,,,17,,8.5,M,7,2000,bado,,JNM
F390,8/6/00,390,,,,0,0.1,2.9,4.4,,0.31,2,22.1,,,,,98,78,59.6,17.65,,,,,F,8,2000,bado,,
F391,8/6/00,391,,,,0.1,0.2,8.8,8.8,,0.32,2,13.8,,,,,92,73,49,16.9,,,,,F,8,2000,bado,,
F393,8/3/00,393,,,,0.03,1.5,1,10.5,,0.54,2,47,,,,,90,76,50,17.25,,,,,F,8,2000,lact,,
F395,8/3/00,395,,,,0.5,39.4,0.6,25.1,,0.26,2,41.3,,,,,96,80,58,15.4,,,,,F,8,2000,preg,,
F500,8/1/00,500,,,,0.09,0.1,2.4,11.8,,0.27,2,12.3,,,,,84,71,46.2,18.6,,,,,F,8,2000,bado,,
M389,8/6/00,389,,2.019999981,2.099999905,2.4,,16.5,,,0.31,1,,,,1286,,89,76,56.6,12.3,,,,,M,8,2000,ok,,
M392,8/4/00,392,,,,1.1,,9.4,,,0.16,2,,,,1325,,102,78,58.6,15.7,,,,,M,8,2000,ok,,
M394,8/3/00,394,,,,0.1,,0.3,,,0.23,2,,,,655,,80.5,65,33.8,18.85,,,,,M,8,2000,bado,,
M396,8/2/00,396,,,,0,,0.4,,,0.11,2,,,,1421,,94.5,78,,14.2,,,,,M,8,2000,ok,,
M397,8/2/00,397,,,,0,,3.6,,,0.11,1,,,,480,,82.5,66.5,32.6,16.65,,,,,M,8,2000,bado,,
M398,8/1/00,398,,,,1.3,,0,,,0.17,2,,,,1453,,92,75.5,50.6,15.65,,,,,M,8,2000,ok,,
gol,9/26/00,89,,1.230000019,3.609999895,0.298,213,4.78,284,,0.21,2,47.9,,149,,,102.4,81,70,14.43,-0.3,19,,109,F,9,2000,preg,,RAF
mp,9/30/00,145,,,,0.048,1.7,6.98,0,,1.04,2,45.68,,91,,,99,79.5,50.8,15.68,0.25,7,,74,F,9,2000,lact,,RAF
M420,6/4/00,420,,,,,,,,,,1,39.2,,,,,98,82,,18.65,,,,,F,6,2000,lact,,
M385,11/6/00,385,,,,1.021,,14.73,,,0.24,,,,,,,,,,,,,,,M,11,2000,ok,,
csn,2/16/01,249,,,,0.042,0.7,1.43,0,,0.18,,,,248,,,,,,,,2,,37,F,2,2001,,,RAF
ftfem,3/16/01,388,,,,0.002,0.8,6.53,,,0.15,,,,,,,,,,,,,,,F,3,2001,bado,,
whi,3/27/01,309,,,,0.028,,7.73,,,0.2,,,,259,,,,,,,,,,12,M,3,2001,bado,,JNM
frr,4/18/01,318,,,,0.077,,1.95,,,0.43,,,,323,,,,,,,,,,9.3,M,4,2001,bado,,JNM
mca,4/20/01,294,,,,0.18,,0.27,,,0.19,,,,331,,,,,,,,,,24,M,4,2001,,,JNM
ldv,5/7/01,237,,0.319999993,0.330000013,0.046,,0.22,,,0.2,,,,144,,,,,,,,,,42,M,5,2001,,,ANM
ani,5/11/01,316,,,,0,0,2.49,0,,0.31,,,,202,,,,,,,,,,17.75,F,5,2001,bado,,RJF
foz,5/12/01,265,,0.090000004,0.330000013,0,,0.78,,,0.19,,,,190,,,,,,,,,,41,M,5,2001,,,ANM
art,5/13/01,323,,,,0,1.8,24.78,0,,0.06,3,,,347,,,,,,,,,,13.75,F,5,2001,bado,,RJF
bacc,5/25/01,329,,,,0,,0.34,,,1.82,1,,,408,,,,,,,,,,14,M,5,2001,bado,,JNM
M378,5/29/01,378,,3.349999905,2.410000086,2.898,,2.17,,,0.29,2,,,,,,,,,,,,,,M,5,2001,,,
bmr,5/29/01,376,,,,0.003,0.7,0.4,0,,0.23,1,,,,,,,,,,,,,,F,5,2001,,,
F379,5/31/01,379,,,,0.011,0.7,3.96,0,,0.23,,,,,,,,,,,,,,,F,5,2001,,,
rump,6/1/01,330,,,,0.052,0,0.27,0,,0.43,1,,,268,,,,,,,,,,11.25,F,6,2001,bado,,RJF
nola,6/2/01,380,,,,0.099,0.1,0.79,0,,0.21,1,,,314,,,,,,,,,,8.25,F,6,2001,bado,,RJF
hrp,6/5/01,331,,,,0.039,,2.6,,,0.82,,,,149,,,,,,,,,,11.25,M,6,2001,bado,,JNM
day,6/9/01,317,,2.349999905,2.200000048,1.915,,0.56,,,0.45,,,,103,,,,,,,,,3,,M,6,2001,ok,,LTI
ali,6/17/01,253,,1.200000048,7.119999886,0.126,33.3,7.96,160,,0.39,2,,,233,,,,,,,-1.1,5,,46.5,F,6,2001,preg,,RAF
chob,6/19/01,328,,,,0,,6.82,,,1.67,,,,278,,,,,,,,,,18.5,M,6,2001,bado,,JNM
ftsaf,6/22/01,375,,,,0,0,0.6,0,,1.06,,,,,,,,,,,,,,,F,6,2001,bado,,
tang,6/22/01,381,,,,0.081,0.3,0.87,0,,0.39,1,,,466,,,,,,,,,,11.5,F,6,2001,bado,,RJF
bass,6/23/01,319,,,,0,0,0.71,0,,0.27,1,,,280,,,,,,,,,,12,F,6,2001,bado,,RJF
rub,12/30/00,261,,,,0,,0.78,,,1.37,,,,163,,,,,,,,,,37.5,M,12,2000,,,ANM
jj,8/28/01,106,,,,0.29,81.9,2.5,23.8,,0.44,,41.4,,170,,,98.5,79.5,62,16.3,-2.8,,,107.5,F,8,2001,preg,,RAF
nick,8/29/01,226,,,,4,,9.6,,,0.32,,,,97,2692,,84,79,48.6,15.5,,,,,M,8,2001,OK,,LTI
nxn,9/3/01,347,,,,0,,1.6,,,0.72,,,,526,820.9,,71.5,65,27.2,,,,,11,M,9,2001,BADO,,JNM
chad,9/4/01,348,,,,0.003,,0.8,,,0.65,,,,313,758.73,,66.5,61,20.2,,,,,8.5,M,9,2001,BADO,,JNM
adon,2/8/02,355,,,,0.07,0.1,3.8,2.5,,0.35,,,,349,,,75,67,32.4,,,,,11.5,F,2,2002,BADO,,RJF
mrph,2/8/02,197,,,,0.35,60.8,2.1,137.5,,0.38,,,,274,,,97,76,59.8,12.04,-1.5,1,,67.5,F,2,2002,PREG,,RAF
coo,2/26/02,272,,,,0.19,34,3.6,12,,0.5,,,,171,,,94,74,48.6,17.23,-2.5,,,38.75,F,2,2002,PREG,,RAF
yoda,3/10/02,353,,,,0,4,8.8,5.5,,0.58,,13.06,,219,,,72.5,64,23.4,,,,,9.25,F,3,2002,BADO,,RJF
dal,3/20/02,359,,,,0.4,,1.3,,,0.28,,,,170,1223.3,,95.5,75,47.2,16.85,,,,,M,3,2002,OK,,STI
jut,4/23/02,267,,,,0.1,1,4.7,7.2,,0.46,,,,172,,,105,74,51.8,18.15,1,,,40.75,F,4,2002,lact,,RAF
M383,4/25/02,383,,,,1.9,,1.2,,,0.45,,,,,1166,,99,81,52.6,14.55,,,,,M,4,2002,OK,,
mali,5/25/02,213,,,,0.007,2.4,16.5,9.7,,0.27,,37.65,,151,,,98,83,54,17.8,-3.16,,,67.5,F,5,2002,PREG,,RAF
F382,5/27/02,382,,,,0.02,0.8,1.6,9.7,,2.26,,31.35,,,,,94.5,81.5,49.6,16.5,,,,,F,5,2002,LACT,,
cmo,5/28/02,800,,,,0,0.3,10.1,10.4,,0.61,,25.94,,,,,95.5,82,66,19,,,,,F,5,2002,,,RAF
bim,5/29/02,703,,,,0.1,,0.2,,,0.24,,,,,728.72,,86,71.5,32.2,18.25,,,,,M,5,2002,BADO,,
sclw,5/30/02,704,,,,0.9,,2,,,0.6,,,,,956.2,,97,79,47,16.5,,,,,M,5,2002,OK,,
shb,6/2/02,362,,,,0,,5.7,,,0.24,,,,108,571.88,,80,68.5,25.8,18.2,,,,14.75,M,6,2002,BADO,,JNM
nav,6/2/02,100,,,,0.03,0.8,0.7,10.6,,0.19,,37.92,,85,,,104,79.5,52,14.8,,,,102,F,6,2002,LACT,,RAF
bht,6/6/02,798,,,,0.03,0.9,9.6,10,,0.22,,59.4,,,,,101,80.5,55.8,15.7,,,,,F,6,2002,LACT,,
bacc,6/16/02,329,,,,0,,0.3,,,1.73,,,,178,702.3,,86.5,74,34.8,19.9,,,,26,M,6,2002,BADO,,JNM
irmd,6/25/02,797,,,,0.1,0.7,0.4,13.1,,0.54,,38.3,,,,,100.5,77,64.8,15.6,,,,,F,6,2002,lact,,JNM
mac,6/26/02,356,,,,0.02,0.07,0.2,11.2,,0.33,,8.29,,500,,,77.5,66,24.8,5.86,,,,9.5,F,6,2002,bado,,RJF
binky,6/27/02,796,,,,0.1,0.06,0.6,6.1,,0.41,,4.7,,,,,88,72,37.5,19.15,,,,,F,6,2002,BADO,,
mbi,6/30/02,795,,,,0.7,,10.1,,,0.35,,,,136,1572.4,,91.5,74,47,16.73,,,,,M,6,2002,OK,,
F374,7/2/02,374,,,,0.16,43.4,3.2,82.7,,0.26,,37.1,,,,,106.45,80,50.2,18.45,,,,,F,7,2002,,,
oear,7/4/02,992,,,,0,,0.1,,,1.09,,,,318,1043.5,,84.5,69,33.6,18.7,,,,,M,7,2002,BADO,,JNM
kv,7/6/02,793,,,,0.07,0.6,0.05,8,,0.19,,45.4,,,,,97,79.5,52.8,18.5,5,,,,F,7,2002,lact,,RAF
oke,7/6/02,244,,,,0,0.6,0.08,8.4,,0.24,,27.1,,261,,,99,76,46.6,15.9,-2.9,,,55.3,F,7,2002,PREG,,RAF
boa,7/9/02,705,,,,0,,0.08,,,0.29,,,,303,487.2,,74,64,22.1,6.15,,,,11.66,M,7,2002,BADO,,JNM
cr,12/6/01,108,,,,0.007,0.5,1.1,5,,0.26,,,,123,,,,,,,,,,,F,12,2001,,,
chw,8/13/01,304,298,,,0.06,0.1,0.3,15.9,,0.48,,,,554,,,,,,,,,,,F,8,2001,,,
hml,12/9/01,230,,,,0.0002,1,2.3,9.3,,0.46,,,,127,,,,,,,,,,,F,12,2001,,,LTI
whh,7/24/01,248,,,,0,0.4,8.5,11.6,,0.32,,,,326,,,,,,,,,,,F,7,2001,,,
sud,10/22/01,334,,,,0,0.9,14.9,12,,3.64,,,,426,,,,,,,,,,,F,10,2001,,,
zc,10/24/01,351,,,,0.01,2,7.6,7.3,,4.85,,,,453,,,,,,,,,,,F,10,2001,,,
kier,11/7/01,352,,,,0,0.4,2.6,6.7,,0.86,,,,434,,,,,,,,,,,F,11,2001,,,
nana,7/27/01,384,,,,0.07,1.5,7.3,11.4,,0.56,,,,165,,,,,,,,,,,F,7,2001,,,RAF
nana,11/23/01,384,,,,0.41,84.5,2.3,282.8,,0.33,,,,340,,,,,,,,,,,F,11,2001,,,RAF
back,7/30/01,417,,,,0.11,0.7,0.05,10.4,,1.17,,,,181,,,,,,,,,,,F,7,2001,,,
pisa,8/19/01,277,,,,2.7,,0.8,,,0.48,,,,130,,,,,,,,,,,M,8,2001,,,LTI
ktn,8/2/01,335,,,,0,,1.2,,,0.17,,,,477,,,,,,,,,,,M,8,2001,,,
dow,8/5/01,336,,,,0.01,,0.1,,,0.49,,,,628,,,,,,,,,,,M,8,2001,,,RAF
mrs,8/16/01,337,,,,0.01,,0.1,,,0.22,,,,395,,,,,,,,,,,M,8,2001,,,RJF
kdy,10/24/01,338,,,,0.01,,13.2,,,0.23,,,,265,,,,,,,,,,,M,10,2001,,,
jup,10/20/01,349,,,,0.01,,0.3,,,0.23,,,,204,,,,,,,,,,,M,10,2001,,,RJF
ntz,10/30/01,350,,,,0.005,,23.6,,,0.19,,,,185,,,,,,,,,,,M,10,2001,,,JNM
arlo,11/13/01,354,,,,0,,0.7,,,3.06,,,,265,,,,,,,,,,,M,11,2001,,,
arm,7/14/01,386,,,,0.01,,3.2,,,0.26,,,,,,,,,,,,,,,M,7,2001,,,
maxim,7/8/01,387,,,,2.1,,0.2,,,0.49,,,,229,,,,,,,,,,,M,7,2001,,,
bail,2/17/03,97,,,,0.6,154.8,9,178,0,0.38,,,,656,,,,,,,-0.86,,,,F,2,2003,PREG,,
mp,2/7/03,145,,,,0.06,1,5.4,8,0,0.34,,,,119,,,,,,,,,,,F,2,2003,LACT,,
oke,9/14/02,244,,,,0.3,48.4,0.75,47,0,0.1,,,,202,,,,,,,,,,,F,9,2002,,,
ath,7/14/03,286,,,,0.3,84.8,4.8,217,0,0.25,,,,362,,,,,,,-1.03,,,,F,7,2003,PREG,,
moil,9/27/02,365,,,,0,,12.8,,0,0.25,,,,303,,,,,,,,,,,M,9,2002,BADO,,
osl,2/12/03,366,,,,0.4,,0.5,,0,0.26,,,,114,,,,,,,,,,,M,2,2003,OK,,
ro,10/6/02,373,,,,0.02,,1,,0,0.26,,,,,,,,,,,,,,,M,10,2002,OK,,
wnd,1/30/04,446,,,,0.389,64.4,2.6,83,,0.13,,,,479,,,,,,,-1.3,,,,F,1,2004,preg,,
art,1/12/04,323,,,,0.553,136.5,8.9,333,,0.03,,,,356,,,,,,,-1.2,,,,F,1,2004,PREG,,
len,1/9/04,738,,,,0.09,,21.4,,,0.09,,,,335,,,,,,,,,,,M,1,2004,BADO,,
mnr,10/4/03,718,,,,0.18,,0.3,,,0.016,,,,380,,,,,,,,,,,M,10,2003,BADO,,
jeb,10/20/03,877,,,,0.04,,1.8,,,0.37,,,,170,,,,,,,,,,,M,10,2003,OK,,
corc,6/13/04,784,,,,1.296,,0.4,,,0.13,,,,141,,,,,,,,,,,M,6,2004,OK,,
mos,12/31/03,749,,,,0.14,0.2,1.4,0,,0.27,,,,482,,,,,,,,,,,F,12,2003,BADO,,
adon,12/20/03,355,,,,0.118,29.2,1.1,53,,0.02,,,,301,,,,,,,-1.3,,,,F,12,2003,PREG,,
tia,12/30/03,748,,,,0.099,0.07,0.5,0,,0.06,,,,542,,,,,,,,,,,F,12,2003,BADO,,
rpal,6/11/04,783,,,,0.02,,3.9,,,0.14,,,,216,,,,,,,,,,,M,6,2004,BADO,,
tini,5/21/04,504,,,,0.79,,8.8,,,1,,,,397,,,,,,,,,,,M,5,2004,BADO,,
cous,4/16/04,728,,,,0.025,,3.4,,,0.24,,,,99,,,,,,,,,,,M,4,2004,BADO,,
pch,1/10/04,739,,,,0.067,0.8,13,0,,0.6,,,,222,,,,,,,,,,,F,1,2004,LACT,,
kik,1/27/04,747,,,,0.102,,22.2,,,0,,,,504,,,,,,,,,,,M,1,2004,BADO,,
ffl,5/30/04,731,,,,0.169,,13.4,,,0.06,,,,182,,,,,,,,,,,M,5,2004,BADO,,
mge,6/15/04,733,,,,0.529,,0.2,,,0.75,,,,361,,,,,,,,,,,M,6,2004,BADO,,
cash,1/26/04,879,,,,0,0.05,0.4,0,,0.1,,,,648,,,,,,,,,,,F,1,2004,BADO,,
ade,4/6/03,787,,,,0.6,,0.25,,0,0.24,,,,259,,,,,,,,,,,M,4,2003,OK,,
tin,6/18/03,791,,,,0.1,,0.7,,0,0.16,,,,171,,,,,,,,,,,M,6,2003,OK,,
loin,2/9/03,792,,,,0,,13.5,,0,0.2,,,,268,,,,,,,,,,,M,2,2003,BADO,,
fld,6/10/03,801,,,,0.05,,5.7,,0,0.24,,,,197,,,,,,,,,,,M,6,2003,BADO,,
M851,2/17/03,851,,,,1,,31.1,,0,0.33,,,,,,,,,,,,,,,M,2,2003,OK,,
lski,5/29/03,878,,,,0.4,,8.3,,0,0.21,,,,237,,,,,,,,,,,M,5,2003,OK,,
sht,3/30/03,880,,,,1.1,,0.25,,0,0.22,,,,195,,,,,,,,,,,M,3,2003,OK,,
mng,12/25/02,881,,,,0.03,,0.34,,0,0.22,,,,202,,,,,,,,,,,M,12,2002,OK,,
com,12/18/02,883,,,,0.06,1.3,10.3,5.4,0,0.46,,,,381,,,,,,,,,,,F,2,2002,BADO,,
inv,12/16/02,884,,,,0.05,0.8,4.1,5,0,0.23,,,,316,,,,,,,,,,,F,12,2002,BADO,,
trt,12/24/02,885,,,,0.03,,0.25,,0,0.32,,,,305,,,,,,,,,,,M,12,2002,BADO,,
dsn,8/8/03,886,,,,0.1,42,8.2,24,0,0.56,,,,218,,,,,,,-2.2,,,,F,8,2003,PREG,,
lph,11/30/02,892,,,,0.04,,0.45,,0,0.84,,,,329,,,,,,,,,,,M,11,2002,BADO,,
wiz,11/9/02,893,,,,0,,0.4,,0,0.23,,,,357,,,,,,,,,,,M,11,2002,OK,,
mre,10/21/02,895,,,,0,0.4,0.1,2,0,0.21,,,,739,,,,,,,,,,,F,10,2002,BADO,,
sdi,10/16/02,896,,,,0.02,0.4,0.8,1,0,0.35,,,,440,,,,,,,,,,,F,10,2002,BADO,,
bft,10/11/02,897,,,,0.2,,0.75,,0,0.28,,,,,,,,,,,,,,,M,10,2002,OK,,
ben,10/7/02,898,,,,0,,5.1,,0,0.3,,,,171,,,,,,,,,,,M,10,2002,BADO,,
wnd,8/28/02,446,,,,0.2,32.2,0.8,19,0,0.28,,,,,,,,,,,,,,,F,8,2002,lact,,
lbg,7/14/02,900,,,,0.8,,0.5,,0,0.32,,,,274,,,,,,,,,,,M,7,2002,OK,,
nana,4/6/03,384,,,,0.06,17,1,12,0,0.43,,,,191,,,,,,,,,,,F,4,2003,LACT,,
mln,11/9/02,706,,,,0.03,,0.5,,0,0.17,,,,245,,,,,,,,,,,M,11,2002,OK,,
chac,9/6/02,477,,,,0,0.7,0.2,7,0,0.26,,,,290,,,,,,,,,,,F,9,2002,bado,,
eco,2/10/03,486,,,,0.6,198.3,14.3,577,0,0.32,,,,324,,,,,,,-0.5,,,,F,2,2003,preg,,
eco,10/26/02,486,,,,0,12,0.25,4,0,0.36,,,,193,,,,,,,,,,,F,10,2002,lact,,
thor,12/15/02,710,,,,0.03,1.7,7,7,0,0.21,,,,179,,,,,,,,,,,F,12,2002,BADO,,
rslg,7/11/03,711,,,,0,,0.3,,0,0.29,,,,384,,,,,,,,,,,M,7,2003,BADO,,
cnet,7/7/03,713,,,,0,,0.35,,0,0.15,,,,295,,,,,,,,,,,M,7,2003,BADO,,
cnti,7/11/03,714,,,,0,0.2,2.2,6,0,0.16,,,,537,,,,,,,,,,,F,7,2003,BADO,,
wrl,7/29/03,716,,,,0,,0.07,,0,0.19,,,,269,,,,,,,,,,,M,7,2003,BADO,,
mls,10/21/03,876,,,,0.056,0.1,0.6,0,,0.35,,,,632,,,,,,,,,,,F,10,2003,BADO,,
zc,1/1/04,351,,,,0.137,37.1,6.5,43,,0.17,,,,361,,,,,,,-1.5,,,,F,1,2004,PREG,,
port,6/16/04,368,,,,2.128,0.07,1,2,,0.31,,,,131,,,,,,,,,,,M,6,2004,OK,,
mrph,12/25/03,197,,,,0.078,1.5,6.4,0,,,,,,135,,,,,,,,,,,F,12,2003,LACT,,
slm,5/18/04,472,,,,0.032,,2,,,0.19,,,,167,,,,,,,,,,,M,5,2004,OK,,
tbo,9/24/03,870,,,,0.121,,1,,,0.07,,,,570,,,,,,,,,,,M,9,2003,BADO,,
mdsn,9/22/03,717,,,,0,,14,,,1.67,,,,400,,,,,,,,,,,M,9,2003,BADO,,
pla,12/13/03,719,,,,0.034,,0.5,,,0.2,,,,338,,,,,,,,,,,M,12,2003,BADO,,
alum,4/29/04,730,,,,0,,3.2,,,1.91,,,,110,,,,,,,,,,,M,4,2004,BADO,,
csac,5/21/04,724,,,,0.021,,0.3,,,0.62,,,,204,,,,,,,,,,,M,5,2004,BADO,,
vgs,2/16/04,225,,,,0.352,,8.4,,,,,,,92,,,,,,,,,,,M,2,2004,OK,,
dio,6/4/04,732,,,,0.036,0.4,0.9,3.1,,0.17,,,,240,,,,,,,,,,,F,6,2004,LACT,,
tch,6/10/04,785,,,,0.277,0.1,0.2,0,,0.34,,,,461,,,,,,,,,,,F,6,2004,BADO,,
hex,1/4/04,727,,,,,,,,,0.03,,,,410,,,,,,,,,,,F,1,2004,BADO,,
gura,7/27/05,767,,,,,,,,,1.25,,,,418,,,,,,,,,,,M,7,2005,,,
hrm,6/10/05,776,,,,,,,,,0,,,,341,,,,,,,,,,,M,6,2005,,,
ger,4/14/05,82,,,,,,,,,0.33,,,,113,,,,,,,,,,,F,4,2005,,,
ldv,5/10/05,237,,,,,,,,,,,,,209,,,,,,,,,,,M,5,2005,ok,,
csn,12/4/04,249,,,,,,,,,0.24,,,,163,,,,,,,,,,,F,12,2004,,,
cida,7/30/05,729,,,,,,,,,1.19,,,,302,,,,,,,,,,,M,7,2005,,,
det,7/16/05,734,,,,,,,,,0.1,,,,110,,,,,,,,,,,M,7,2005,ok,,
oak,12/23/04,640,,,,,,,,,,,,,287,,,,,,,,,,,M,12,2004,ok,,
bsl,11/6/04,750,,,,,,,,,0.6,,,,537,,,,,,,,,,,F,11,2004,,,
luo,12/6/04,751,,,,,,,,,0.9,,,,361,,,,,,,,,,,M,12,2004,,,
guci,11/22/04,753,,,,,,,,,1.02,,,,773,,,,,,,,,,,F,11,2004,,,
pnc,6/29/05,757,,,,,,,,,0.04,,,,369,,,,,,,,,,,M,6,2005,,,
ctz,5/5/05,758,,,,,,,,,1.4,,,,349,,,,,,,,,,,F,5,2005,,,
bgl,6/12/05,761,,,,,,,,,1.17,,,,423,,,,,,,,,,,M,6,2005,,,
wig,3/9/05,766,,,,,,,,,0.4,,,,2790,,,,,,,,,,,M,3,2005,,,
nkta,5/27/05,720,,,,,,,,,1.49,,,0,0,,,,,,,,,,,F,5,2005,,,